CHROMOSOME,FITNESS
1 1 0 1 0 0 0 0 0 0 0 1 0 0 1 1 0 1 0 1 1 0 0 0 0 0 1 0 1 1 0 0 0 1 1 1 0 1 1 1 0 1 1 0 0 1 0 0 0 1 0 1 1 0 1 1 0 1 0 0 0 1 1 1 0 0 0 0 1 1 1 0 1 1 0 0 1 0 1 0 0 0 1 1 1 1 0 0 0 1 0 1 0 0 1 0 1 1 0,45.72
1 1 0 1 0 0 0 0 0 0 0 1 0 1 1 0 0 1 0 1 1 0 1 0 0 0 1 0 1 1 0 0 1 1 1 1 1 1 1 1 0 1 1 0 0 1 0 0 0 1 0 1 1 1 0 1 0 0 0 0 0 1 0 0 0 0 0 0 1 1 1 0 1 1 1 0 1 0 1 1 0 0 1 1 1 0 1 1 0 1 0 1 0 0 0 0 1 0 1,71.28
1 1 1 1 1 1 0 0 0 0 1 1 1 1 0 1 1 1 0 1 1 1 1 1 1 1 0 0 1 0 0 0 0 1 1 0 0 1 0 0 1 1 0 0 0 0 0 0 1 1 0 0 0 1 1 1 1 1 1 0 1 1 1 0 0 1 1 0 1 0 1 0 1 1 1 1 1 0 0 0 1 0 0 0 1 0 0 1 1 0 1 1 1 0 1 0 0 1 1,85.06
1 1 0 1 0 1 0 0 0 0 0 1 0 0 1 1 0 1 0 0 1 0 1 0 0 0 1 0 1 1 0 0 0 1 1 1 0 1 1 1 0 1 1 0 0 1 0 0 0 0 0 1 1 0 1 1 0 0 0 0 1 1 0 1 0 0 0 0 1 0 1 1 1 1 1 0 1 0 1 0 1 0 1 1 0 1 0 0 0 1 0 1 0 0 0 1 1 1 0,97.7
1 0 0 1 0 0 0 0 0 0 0 1 0 0 1 1 0 1 0 0 1 0 0 0 0 0 1 0 1 1 1 0 0 1 1 0 0 0 1 1 0 1 1 0 0 1 0 1 0 1 0 0 1 0 0 1 0 0 0 1 0 1 1 1 0 0 0 0 1 1 1 0 1 1 1 0 1 0 1 1 1 1 1 1 0 1 0 0 0 1 1 0 0 0 0 0 1 1 0,104.07
1 0 1 1 0 0 1 0 0 0 0 1 1 0 1 1 0 1 1 0 1 0 0 0 1 0 1 0 0 1 1 0 0 1 0 0 0 1 1 1 1 1 1 0 0 1 0 0 0 0 0 1 0 0 1 1 0 1 0 0 0 1 1 1 0 0 1 0 1 1 1 0 1 1 0 1 0 0 1 0 0 1 1 1 1 0 0 1 0 1 0 1 0 0 1 0 1 1 0,113.03
1 1 0 1 0 0 0 0 0 0 0 1 0 1 1 1 0 1 0 1 1 0 1 0 0 0 1 0 1 1 0 0 0 1 1 1 1 1 1 1 0 1 1 1 0 1 0 0 0 1 0 1 1 0 1 1 0 1 0 0 0 1 1 1 0 0 0 0 1 1 1 0 0 1 0 0 1 0 1 0 0 0 1 0 0 0 0 0 0 1 0 1 1 0 1 0 1 1 1,120.09
1 1 0 1 0 0 0 0 0 0 0 1 0 0 1 1 0 1 0 1 1 0 0 0 0 0 1 0 1 1 0 0 0 1 1 1 0 1 1 1 0 1 1 0 0 1 0 0 0 1 0 0 0 1 1 1 1 1 1 0 1 1 1 0 0 1 1 0 1 0 1 0 1 1 1 1 1 0 0 0 1 0 0 0 1 0 0 1 1 0 1 1 1 0 1 0 0 1 1,147.85
1 1 0 1 0 0 0 0 0 0 0 1 0 0 1 1 0 1 0 1 1 0 0 0 0 0 1 0 1 1 0 0 0 1 1 1 0 1 1 1 0 1 1 0 0 1 0 0 0 1 0 0 0 1 1 1 1 1 1 0 1 1 1 0 0 1 1 0 1 0 1 0 1 1 1 1 1 0 0 0 1 0 0 0 1 0 0 1 1 0 1 1 1 0 1 0 0 1 1,147.85
1 1 0 1 0 0 0 0 0 0 0 1 0 0 1 1 0 1 0 1 1 0 0 0 0 0 1 0 1 1 0 0 0 1 1 1 0 1 1 1 0 1 1 0 0 1 0 0 0 1 0 0 0 1 1 1 1 1 1 0 1 1 1 0 0 1 1 0 1 0 1 0 1 1 1 1 1 0 0 0 1 0 0 0 1 0 0 1 1 0 1 1 1 0 1 0 0 1 1,147.85
1 1 0 1 0 0 0 0 0 0 0 1 0 0 1 1 0 1 0 1 1 0 0 0 0 0 1 0 1 1 0 0 0 1 1 1 0 1 1 1 0 1 1 0 0 1 0 0 0 1 0 0 0 1 1 1 1 1 1 0 1 1 1 0 0 1 1 0 1 0 1 0 1 1 1 1 1 0 0 0 1 0 0 0 1 0 0 1 1 0 1 1 1 0 1 0 0 1 1,147.85
1 1 0 1 0 0 0 0 0 0 0 1 0 0 1 1 0 1 0 1 1 0 0 0 0 0 1 0 1 1 0 0 0 1 1 1 0 1 1 1 0 1 1 0 0 1 0 0 0 1 0 0 0 1 1 1 1 1 1 0 1 1 1 0 0 1 1 0 1 0 1 0 1 1 1 1 1 0 0 0 1 0 0 0 1 0 0 1 1 0 1 1 1 0 1 0 0 1 1,147.85
1 1 0 1 0 0 0 0 0 0 0 1 0 0 1 1 0 1 0 1 1 0 0 0 0 0 1 0 1 1 0 0 0 1 1 1 0 1 1 1 0 1 1 0 0 1 0 0 0 1 0 0 0 1 1 1 1 1 1 0 1 1 1 0 0 1 1 0 1 0 1 0 1 1 1 1 1 0 0 0 1 0 0 0 1 0 0 1 1 0 1 1 1 0 1 0 0 1 1,147.85
1 1 0 1 0 0 0 0 0 0 0 1 0 0 1 1 0 1 0 1 1 0 0 0 0 0 1 0 1 1 0 0 0 1 1 1 0 1 1 1 0 1 1 0 0 1 0 0 0 1 0 0 0 1 1 1 1 1 1 0 1 1 1 0 0 1 1 0 1 0 1 0 1 1 1 1 1 0 0 0 1 0 0 0 1 0 0 1 1 0 1 1 1 0 1 0 0 1 1,147.85
1 1 0 1 0 0 0 0 0 0 0 1 0 0 1 1 0 1 0 1 1 0 0 0 0 0 1 0 1 1 0 0 0 1 1 1 0 1 1 1 0 1 1 0 0 1 0 0 0 1 0 0 0 1 1 1 1 1 1 0 1 1 1 0 0 1 1 0 1 0 1 0 1 1 1 1 1 0 0 0 1 0 0 0 1 0 0 1 1 0 1 1 1 0 1 0 0 1 1,147.85
1 1 0 1 0 0 0 0 0 0 0 1 0 0 1 1 0 1 0 1 1 0 0 0 0 0 1 0 1 1 0 0 0 1 1 1 0 1 1 1 0 1 1 0 0 1 0 0 0 1 0 0 0 1 1 1 1 1 1 0 1 1 1 0 0 1 1 0 1 0 1 0 1 1 1 1 1 0 0 0 1 0 0 0 1 0 0 1 1 0 1 1 1 0 1 0 0 1 1,147.85
1 1 0 1 0 0 0 0 0 0 0 1 0 0 1 1 0 1 0 1 1 0 0 0 0 0 1 0 1 1 0 0 0 1 1 1 0 1 1 1 0 1 1 0 0 1 0 0 0 1 0 0 0 1 1 1 1 1 1 0 1 1 1 0 0 1 1 0 1 0 1 0 1 1 1 1 1 0 0 0 1 0 0 0 1 0 0 1 1 0 1 1 1 0 1 0 0 1 1,147.85
1 1 0 1 0 0 0 0 0 0 0 1 0 0 1 1 0 1 0 1 1 0 0 0 0 0 1 0 1 1 0 0 0 1 1 1 0 1 1 1 0 1 1 0 0 1 0 0 0 1 0 0 0 1 1 1 1 1 1 0 1 1 1 0 0 1 1 0 1 0 1 0 1 1 1 1 1 0 0 0 1 0 0 0 1 0 0 1 1 0 1 1 1 0 1 0 0 1 1,147.85
1 1 0 1 0 0 0 0 0 0 0 1 0 0 1 1 0 1 0 1 1 0 0 0 0 0 1 0 1 1 0 0 0 1 1 1 0 1 1 1 0 1 1 0 0 1 0 0 0 1 0 0 0 1 1 1 1 1 1 0 1 1 1 0 0 1 1 0 1 0 1 0 1 1 1 1 1 0 0 0 1 0 0 0 1 0 0 1 1 0 1 1 1 0 1 0 0 1 1,147.85
1 1 0 1 0 0 0 0 0 0 0 1 0 0 1 1 0 1 0 1 1 0 0 0 0 0 1 0 1 1 0 0 0 1 1 1 0 1 1 1 0 1 1 0 0 1 0 0 0 1 0 0 0 1 1 1 1 1 1 0 1 1 1 0 0 1 1 0 1 0 1 0 1 1 1 1 1 0 0 0 1 0 0 0 1 0 0 1 1 0 1 1 1 0 1 0 0 1 1,147.85
1 1 0 1 0 0 0 0 0 0 0 1 0 0 1 1 0 1 0 1 1 0 0 0 0 0 1 0 1 1 0 0 0 1 1 1 0 1 1 1 0 1 1 0 0 1 0 0 0 1 0 0 0 1 1 1 1 1 1 0 1 1 1 0 0 1 1 0 1 0 1 0 1 1 1 1 1 0 0 0 1 0 0 0 1 0 0 1 1 0 1 1 1 0 1 0 0 1 1,147.85
1 0 0 1 0 0 0 1 0 0 0 0 0 0 1 1 0 0 0 1 1 0 0 0 0 0 1 0 1 1 0 1 1 1 1 0 0 1 1 1 1 1 1 0 0 0 0 0 0 1 0 0 1 0 1 1 0 1 1 0 0 0 1 1 0 0 0 0 0 1 1 0 1 1 1 0 1 1 1 0 0 0 1 1 1 1 0 0 0 1 0 0 0 0 1 0 1 0 1,168.06
1 0 1 1 1 1 0 1 0 0 1 1 1 0 0 1 0 1 0 1 1 0 0 0 0 0 1 0 1 1 1 1 0 1 1 1 0 1 1 1 0 1 1 0 0 1 0 0 0 1 0 1 1 0 1 1 1 1 0 0 0 1 1 0 0 0 1 0 1 0 0 0 1 1 0 0 1 0 0 0 1 0 1 1 1 0 0 0 0 1 0 1 0 0 1 0 1 1 0,185.14
1 1 1 1 1 1 0 0 0 0 1 1 1 1 0 1 1 1 0 1 1 1 1 1 1 1 0 0 1 0 0 0 0 1 1 0 0 1 0 0 1 1 0 0 0 0 0 0 1 1 0 1 1 0 1 1 0 1 0 0 0 1 1 1 0 0 0 0 1 1 1 0 1 1 0 0 1 0 1 0 0 0 1 1 1 1 0 0 0 1 0 1 0 0 1 0 1 1 0,187.19
1 1 1 1 1 1 0 0 0 0 1 1 1 1 0 1 1 1 0 1 1 1 1 1 1 1 0 0 1 0 0 0 0 1 1 0 0 1 0 0 1 1 0 0 0 0 0 0 1 1 0 1 1 0 1 1 0 1 0 0 0 1 1 1 0 0 0 0 1 1 1 0 1 1 0 0 1 0 1 0 0 0 1 1 1 1 0 0 0 1 0 1 0 0 1 0 1 1 0,187.19
1 1 1 1 1 1 0 0 0 0 1 1 1 1 0 1 1 1 0 1 1 1 1 1 1 1 0 0 1 0 0 0 0 1 1 0 0 1 0 0 1 1 0 0 0 0 0 0 1 1 0 1 1 0 1 1 0 1 0 0 0 1 1 1 0 0 0 0 1 1 1 0 1 1 0 0 1 0 1 0 0 0 1 1 1 1 0 0 0 1 0 1 0 0 1 0 1 1 0,187.19
1 1 1 1 1 1 0 0 0 0 1 1 1 1 0 1 1 1 0 1 1 1 1 1 1 1 0 0 1 0 0 0 0 1 1 0 0 1 0 0 1 1 0 0 0 0 0 0 1 1 0 1 1 0 1 1 0 1 0 0 0 1 1 1 0 0 0 0 1 1 1 0 1 1 0 0 1 0 1 0 0 0 1 1 1 1 0 0 0 1 0 1 0 0 1 0 1 1 0,187.19
1 1 1 1 1 1 0 0 0 0 1 1 1 1 0 1 1 1 0 1 1 1 1 1 1 1 0 0 1 0 0 0 0 1 1 0 0 1 0 0 1 1 0 0 0 0 0 0 1 1 0 1 1 0 1 1 0 1 0 0 0 1 1 1 0 0 0 0 1 1 1 0 1 1 0 0 1 0 1 0 0 0 1 1 1 1 0 0 0 1 0 1 0 0 1 0 1 1 0,187.19
1 1 1 1 1 1 0 0 0 0 1 1 1 1 0 1 1 1 0 1 1 1 1 1 1 1 0 0 1 0 0 0 0 1 1 0 0 1 0 0 1 1 0 0 0 0 0 0 1 1 0 1 1 0 1 1 0 1 0 0 0 1 1 1 0 0 0 0 1 1 1 0 1 1 0 0 1 0 1 0 0 0 1 1 1 1 0 0 0 1 0 1 0 0 1 0 1 1 0,187.19
1 1 1 1 1 1 0 0 0 0 1 1 1 1 0 1 1 1 0 1 1 1 1 1 1 1 0 0 1 0 0 0 0 1 1 0 0 1 0 0 1 1 0 0 0 0 0 0 1 1 0 1 1 0 1 1 0 1 0 0 0 1 1 1 0 0 0 0 1 1 1 0 1 1 0 0 1 0 1 0 0 0 1 1 1 1 0 0 0 1 0 1 0 0 1 0 1 1 0,187.19
1 1 1 1 1 1 0 0 0 0 1 1 1 1 0 1 1 1 0 1 1 1 1 1 1 1 0 0 1 0 0 0 0 1 1 0 0 1 0 0 1 1 0 0 0 0 0 0 1 1 0 1 1 0 1 1 0 1 0 0 0 1 1 1 0 0 0 0 1 1 1 0 1 1 0 0 1 0 1 0 0 0 1 1 1 1 0 0 0 1 0 1 0 0 1 0 1 1 0,187.19
1 1 1 1 1 1 0 0 0 0 1 1 1 1 0 1 1 1 0 1 1 1 1 1 1 1 0 0 1 0 0 0 0 1 1 0 0 1 0 0 1 1 0 0 0 0 0 0 1 1 0 1 1 0 1 1 0 1 0 0 0 1 1 1 0 0 0 0 1 1 1 0 1 1 0 0 1 0 1 0 0 0 1 1 1 1 0 0 0 1 0 1 0 0 1 0 1 1 0,187.19
1 1 1 1 1 1 0 0 0 0 1 1 1 1 0 1 1 1 0 1 1 1 1 1 1 1 0 0 1 0 0 0 0 1 1 0 0 1 0 0 1 1 0 0 0 0 0 0 1 1 0 1 1 0 1 1 0 1 0 0 0 1 1 1 0 0 0 0 1 1 1 0 1 1 0 0 1 0 1 0 0 0 1 1 1 1 0 0 0 1 0 1 0 0 1 0 1 1 0,187.19
1 1 1 1 1 1 0 0 0 0 1 1 1 1 0 1 1 1 0 1 1 1 1 1 1 1 0 0 1 0 0 0 0 1 1 0 0 1 0 0 1 1 0 0 0 0 0 0 1 1 0 1 1 0 1 1 0 1 0 0 0 1 1 1 0 0 0 0 1 1 1 0 1 1 0 0 1 0 1 0 0 0 1 1 1 1 0 0 0 1 0 1 0 0 1 0 1 1 0,187.19
1 1 1 1 1 1 0 0 0 0 1 1 1 1 0 1 1 1 0 1 1 1 1 1 1 1 0 0 1 0 0 0 0 1 1 0 0 1 0 0 1 1 0 0 0 0 0 0 1 1 0 1 1 0 1 1 0 1 0 0 0 1 1 1 0 0 0 0 1 1 1 0 1 1 0 0 1 0 1 0 0 0 1 1 1 1 0 0 0 1 0 1 0 0 1 0 1 1 0,187.19
1 1 1 1 1 1 0 0 0 0 1 1 1 1 0 1 1 1 0 1 1 1 1 1 1 1 0 0 1 0 0 0 0 1 1 0 0 1 0 0 1 1 0 0 0 0 0 0 1 1 0 1 1 0 1 1 0 1 0 0 0 1 1 1 0 0 0 0 1 1 1 0 1 1 0 0 1 0 1 0 0 0 1 1 1 1 0 0 0 1 0 1 0 0 1 0 1 1 0,187.19
1 1 1 1 1 1 0 0 0 0 1 1 1 1 0 1 1 1 0 1 1 1 1 1 1 1 0 0 1 0 0 0 0 1 1 0 0 1 0 0 1 1 0 0 0 0 0 0 1 1 0 1 1 0 1 1 0 1 0 0 0 1 1 1 0 0 0 0 1 1 1 0 1 1 0 0 1 0 1 0 0 0 1 1 1 1 0 0 0 1 0 1 0 0 1 0 1 1 0,187.19
0 1 0 1 1 1 0 0 0 0 0 1 1 0 0 0 0 1 1 0 1 0 0 0 0 0 1 1 0 0 1 0 1 0 1 0 1 0 1 0 1 0 1 0 0 1 1 0 1 0 0 1 0 0 1 1 1 0 1 0 0 0 0 1 1 0 1 0 1 0 0 1 1 0 1 0 1 1 1 1 1 0 0 1 0 1 1 0 1 0 1 0 1 0 1 1 1 0 0,201.51
1 0 1 1 0 0 0 1 1 0 1 1 1 1 0 1 1 1 1 1 1 1 1 0 1 0 0 1 1 0 0 1 0 0 1 0 1 1 1 1 1 0 1 0 0 1 1 1 0 0 0 0 1 1 1 0 0 0 1 0 0 1 0 0 0 1 0 1 1 1 0 0 1 0 0 0 0 1 1 0 0 0 1 0 1 0 0 1 0 0 0 0 0 1 1 0 0 0 0,209.25
1 1 0 1 0 0 0 0 0 0 0 1 0 0 1 1 0 1 0 1 1 0 0 0 0 0 1 0 1 1 0 0 0 1 1 1 0 1 1 1 0 1 1 0 0 1 0 0 0 1 0 1 1 1 0 1 0 0 0 0 0 1 0 0 0 0 0 0 1 1 1 0 1 1 1 0 1 0 1 1 0 0 1 1 1 0 1 1 0 1 0 1 0 0 0 0 1 0 1,213.22
1 1 0 1 0 0 0 0 0 0 0 1 0 0 1 1 0 1 0 1 1 0 0 0 0 0 1 0 1 1 0 0 0 1 1 1 0 1 1 1 0 1 1 0 0 1 0 0 0 1 0 1 1 1 0 1 0 0 0 0 0 1 0 0 0 0 0 0 1 1 1 0 1 1 1 0 1 0 1 1 0 0 1 1 1 0 1 1 0 1 0 1 0 0 0 0 1 0 1,213.22
1 1 0 1 0 0 0 0 0 0 0 1 0 0 1 1 0 1 0 1 1 0 0 0 0 0 1 0 1 1 0 0 0 1 1 1 0 1 1 1 0 1 1 0 0 1 0 0 0 1 0 1 1 1 0 1 0 0 0 0 0 1 0 0 0 0 0 0 1 1 1 0 1 1 1 0 1 0 1 1 0 0 1 1 1 0 1 1 0 1 0 1 0 0 0 0 1 0 1,213.22
1 1 0 1 0 0 0 0 0 0 0 1 0 0 1 1 0 1 0 1 1 0 0 0 0 0 1 0 1 1 0 0 0 1 1 1 0 1 1 1 0 1 1 0 0 1 0 0 0 1 0 1 1 1 0 1 0 0 0 0 0 1 0 0 0 0 0 0 1 1 1 0 1 1 1 0 1 0 1 1 0 0 1 1 1 0 1 1 0 1 0 1 0 0 0 0 1 0 1,213.22
1 1 0 1 0 0 0 0 0 0 0 1 0 0 1 1 0 1 0 1 1 0 0 0 0 0 1 0 1 1 0 0 0 1 1 1 0 1 1 1 0 1 1 0 0 1 0 0 0 1 0 1 1 1 0 1 0 0 0 0 0 1 0 0 0 0 0 0 1 1 1 0 1 1 1 0 1 0 1 1 0 0 1 1 1 0 1 1 0 1 0 1 0 0 0 0 1 0 1,213.22
1 1 0 1 0 0 0 0 0 0 0 1 0 0 1 1 0 1 0 1 1 0 0 0 0 0 1 0 1 1 0 0 0 1 1 1 0 1 1 1 0 1 1 0 0 1 0 0 0 1 0 1 1 1 0 1 0 0 0 0 0 1 0 0 0 0 0 0 1 1 1 0 1 1 1 0 1 0 1 1 0 0 1 1 1 0 1 1 0 1 0 1 0 0 0 0 1 0 1,213.22
1 1 0 1 0 0 0 0 0 1 0 0 1 0 1 0 0 1 0 1 1 0 0 0 0 0 0 0 1 1 1 0 1 1 1 1 0 1 1 1 0 1 1 0 0 1 0 0 0 1 1 1 1 1 1 1 0 1 1 0 0 1 1 1 0 1 1 0 1 1 0 1 0 1 1 0 1 0 1 0 1 0 1 1 1 1 0 0 0 1 0 1 0 0 1 0 1 0 0,236.86
1 1 0 1 0 0 0 0 0 0 0 1 0 1 1 0 0 1 0 1 1 0 1 0 0 0 1 0 1 1 0 0 1 1 1 1 1 1 1 1 0 1 1 0 0 1 0 0 0 1 0 1 1 0 1 1 0 1 0 0 0 1 1 1 0 0 0 0 1 1 1 0 1 1 0 0 1 0 1 0 0 0 1 1 1 1 0 0 0 1 0 1 0 0 1 0 1 1 0,238.78
1 1 0 1 0 0 0 0 0 0 0 1 0 1 1 0 0 1 0 1 1 0 1 0 0 0 1 0 1 1 0 0 1 1 1 1 1 1 1 1 0 1 1 0 0 1 0 0 0 1 0 1 1 0 1 1 0 1 0 0 0 1 1 1 0 0 0 0 1 1 1 0 1 1 0 0 1 0 1 0 0 0 1 1 1 1 0 0 0 1 0 1 0 0 1 0 1 1 0,238.78
1 1 0 1 0 0 0 0 0 0 0 1 0 1 1 0 0 1 0 1 1 0 1 0 0 0 1 0 1 1 0 0 1 1 1 1 1 1 1 1 0 1 1 0 0 1 0 0 0 1 0 1 1 0 1 1 0 1 0 0 0 1 1 1 0 0 0 0 1 1 1 0 1 1 0 0 1 0 1 0 0 0 1 1 1 1 0 0 0 1 0 1 0 0 1 0 1 1 0,238.78
1 1 0 1 0 0 0 0 0 0 0 1 0 1 1 0 0 1 0 1 1 0 1 0 0 0 1 0 1 1 0 0 1 1 1 1 1 1 1 1 0 1 1 0 0 1 0 0 0 1 0 1 1 0 1 1 0 1 0 0 0 1 1 1 0 0 0 0 1 1 1 0 1 1 0 0 1 0 1 0 0 0 1 1 1 1 0 0 0 1 0 1 0 0 1 0 1 1 0,238.78
1 1 0 1 0 0 0 0 0 0 0 1 0 1 1 0 0 1 0 1 1 0 1 0 0 0 1 0 1 1 0 0 1 1 1 1 1 1 1 1 0 1 1 0 0 1 0 0 0 1 0 1 1 0 1 1 0 1 0 0 0 1 1 1 0 0 0 0 1 1 1 0 1 1 0 0 1 0 1 0 0 0 1 1 1 1 0 0 0 1 0 1 0 0 1 0 1 1 0,238.78
1 1 0 1 0 0 0 0 0 0 0 1 0 1 1 0 0 1 0 1 1 0 1 0 0 0 1 0 1 1 0 0 1 1 1 1 1 1 1 1 0 1 1 0 0 1 0 0 0 1 0 1 1 0 1 1 0 1 0 0 0 1 1 1 0 0 0 0 1 1 1 0 1 1 0 0 1 0 1 0 0 0 1 1 1 1 0 0 0 1 0 1 0 0 1 0 1 1 0,238.78
1 0 0 1 0 0 0 0 0 0 0 1 0 0 0 1 0 1 1 0 1 0 0 0 0 1 0 0 1 1 0 1 0 1 1 1 0 1 1 1 0 1 0 0 0 1 0 0 0 1 0 1 0 1 1 0 1 1 0 0 0 1 1 1 0 0 0 0 1 1 1 0 1 1 0 0 1 0 1 0 0 0 1 1 0 1 1 1 0 1 0 1 1 0 0 0 0 1 0,251.83
1 0 1 1 0 1 0 1 1 0 0 0 0 1 1 1 0 0 1 0 1 1 1 0 0 0 1 1 0 1 0 0 0 0 0 1 0 1 1 1 1 1 1 1 0 1 1 0 1 1 1 1 0 0 0 0 0 1 1 0 1 1 0 0 0 1 0 0 0 1 0 1 0 0 0 0 1 0 1 1 1 0 1 1 0 0 1 0 1 1 1 1 0 1 0 0 1 0 0,273.36
0 0 1 0 1 1 0 0 0 0 1 0 1 1 1 0 1 0 1 0 1 1 0 0 0 0 1 1 0 1 0 1 0 1 1 0 1 0 1 0 0 1 0 0 1 0 0 0 1 1 1 1 1 1 0 1 0 0 0 1 1 0 1 0 0 0 0 1 0 1 1 0 1 1 0 0 1 1 1 1 1 1 1 1 1 0 0 1 0 1 1 0 0 0 0 0 0 1 0,280.51
1 1 0 1 0 0 0 1 0 0 0 1 0 0 1 1 0 1 0 1 0 0 0 0 1 0 1 0 1 1 0 1 0 0 1 1 0 1 1 1 1 1 1 0 0 1 0 1 1 1 0 1 1 0 0 1 0 1 0 0 0 0 1 1 0 0 0 1 0 1 1 0 1 1 1 1 1 0 1 0 0 0 1 1 1 0 0 0 0 1 1 1 0 0 1 0 1 1 0,282.6
0 1 0 0 0 0 0 0 1 0 0 0 0 1 0 0 0 0 0 1 0 0 1 1 1 1 1 0 1 1 0 1 1 1 1 0 0 0 0 0 1 1 0 0 0 0 1 0 0 1 0 1 1 1 1 0 0 1 0 0 1 0 1 1 0 1 1 0 0 1 1 0 1 0 1 0 1 1 0 1 0 1 0 1 0 0 1 1 1 1 1 0 1 1 1 1 0 1 0,286.62
1 0 0 1 0 0 0 0 1 0 0 1 0 0 1 1 0 1 0 1 1 1 0 0 0 0 0 0 1 1 0 1 0 1 1 1 0 1 1 1 0 1 1 0 0 1 0 0 0 0 0 1 1 0 1 1 0 1 0 0 1 0 1 0 0 0 0 0 0 1 1 0 0 1 0 0 1 1 0 0 0 0 1 1 1 1 1 0 0 1 0 1 0 0 1 1 0 1 0,298.01
0 0 0 1 1 1 0 0 0 0 0 1 0 0 1 1 0 1 0 1 1 0 0 0 1 0 1 1 1 1 0 0 0 1 1 1 0 1 1 1 0 1 0 0 0 1 0 0 0 1 0 1 1 0 1 1 0 1 0 0 0 0 1 1 0 0 1 0 1 1 1 1 1 1 0 0 1 1 0 1 0 0 1 1 1 1 0 0 0 0 0 1 0 0 1 0 1 1 0,317.46
1 0 0 0 0 0 1 0 0 1 0 1 1 0 0 0 0 0 0 1 1 1 1 0 0 0 1 1 1 1 0 1 1 0 0 0 1 1 0 0 1 1 0 1 0 1 1 1 1 0 1 1 1 0 0 1 1 1 1 0 1 0 0 1 1 0 0 0 1 0 1 1 1 0 1 1 1 1 1 0 0 1 0 1 0 1 1 0 0 0 1 1 0 1 0 1 0 0 0,361.21
0 0 1 1 0 1 1 1 1 1 0 0 0 0 1 0 1 1 1 0 1 0 1 1 0 1 1 0 1 1 0 1 1 1 1 1 0 0 0 1 1 0 0 1 0 1 1 1 1 0 1 1 0 1 1 1 0 0 0 0 0 1 0 0 1 1 0 0 1 1 0 0 0 1 0 1 0 0 0 0 1 0 1 1 1 1 0 1 1 0 0 0 0 1 0 0 1 0 1,365.06
1 1 1 1 0 0 0 0 0 0 0 1 1 1 1 1 0 1 0 0 1 0 0 0 0 0 0 0 1 1 0 0 0 1 1 1 0 1 1 1 0 1 1 0 0 1 1 0 0 1 1 1 1 1 1 1 1 1 0 0 0 1 0 1 0 1 0 1 1 1 1 0 0 1 0 0 1 0 1 0 0 0 1 1 1 1 0 0 0 1 0 1 1 0 1 0 1 1 0,374.26
0 1 0 1 0 0 0 0 0 0 0 1 0 0 0 1 0 1 0 1 1 0 0 0 1 0 1 0 1 1 0 0 0 1 1 1 0 0 1 1 0 1 1 0 1 1 1 1 0 1 0 1 1 0 1 1 0 0 0 0 0 1 1 1 1 1 0 0 1 1 1 0 1 1 1 0 1 0 1 0 0 0 1 1 0 1 1 0 1 1 1 0 0 0 1 0 1 1 0,422.88
1 1 0 1 1 1 1 0 0 1 1 1 0 0 1 1 0 0 0 1 1 0 0 0 0 0 1 0 1 1 0 0 0 1 0 1 0 0 1 1 0 1 0 0 0 1 0 0 1 1 0 1 1 0 1 1 0 1 0 0 0 1 1 1 0 0 1 0 1 0 1 0 1 1 0 0 1 0 1 0 0 0 1 1 0 1 0 1 0 1 0 1 0 0 1 0 1 1 0,457.22
1 1 0 1 0 0 0 0 1 0 0 1 0 0 1 1 0 1 0 1 1 0 0 0 0 0 1 1 1 0 0 0 0 1 1 1 0 1 1 1 1 1 1 0 1 1 0 0 0 1 0 1 1 0 0 1 0 1 0 0 0 1 1 1 1 0 0 0 1 1 1 0 1 1 1 0 1 0 1 1 0 0 0 1 0 1 1 0 1 1 1 1 1 1 1 0 1 1 0,463.7
0 0 1 1 1 0 0 1 1 1 0 1 0 0 1 0 1 0 0 0 0 1 1 1 0 1 0 0 0 0 1 1 1 0 0 0 0 1 1 0 1 1 1 1 1 1 0 1 1 0 1 0 0 1 0 1 0 1 1 1 1 0 1 0 1 0 0 0 1 0 0 1 0 0 0 1 0 0 0 1 0 0 1 0 1 0 0 1 1 1 0 1 0 0 0 0 0 1 1,478.4
0 0 1 0 0 1 0 1 1 1 1 1 0 0 1 0 1 1 1 0 0 0 0 0 1 0 1 0 1 1 0 1 0 0 0 0 0 0 0 1 0 0 1 1 1 1 0 0 0 0 1 1 1 1 0 0 0 1 1 0 0 1 1 0 1 1 1 0 0 1 1 1 0 1 1 1 1 0 0 1 0 0 1 0 0 0 1 1 0 1 1 1 1 1 0 0 0 0 0,509.21
1 1 1 1 1 1 1 1 0 1 1 1 1 0 1 0 1 0 0 1 0 0 1 0 0 1 0 0 0 1 0 1 0 1 1 0 1 1 0 0 1 0 0 1 1 0 1 0 0 0 1 0 0 0 0 1 0 1 0 0 0 1 0 1 1 1 1 0 0 0 0 0 0 1 0 0 1 0 1 1 1 0 0 1 0 0 0 0 0 1 1 0 0 1 1 0 1 1 1,513.57
1 0 1 0 1 1 0 0 0 0 0 1 0 1 1 0 1 1 0 0 0 0 1 1 0 0 0 0 1 0 0 0 0 0 0 0 0 1 1 1 1 1 0 0 0 0 1 1 0 1 0 1 0 0 0 0 1 0 0 1 1 0 1 0 1 1 1 0 1 1 1 1 0 0 1 1 1 0 0 0 1 0 0 1 1 1 1 1 0 0 1 0 1 0 0 0 1 0 0,566.65
1 1 0 0 1 1 0 0 0 0 0 1 0 0 0 1 0 1 1 1 0 0 0 0 0 0 1 0 0 1 0 0 0 1 1 1 0 0 1 1 1 0 1 0 0 1 0 0 1 1 0 1 0 0 1 1 0 1 0 0 0 1 1 1 0 0 0 0 1 1 1 0 0 1 1 0 1 0 1 0 0 0 1 0 1 0 1 0 0 1 0 1 0 0 1 0 0 1 0,655.72
1 1 0 0 0 1 0 0 1 1 0 0 0 1 1 1 1 1 1 0 1 1 0 0 0 1 0 0 0 0 1 1 0 0 1 1 0 1 0 0 0 0 1 0 0 0 1 0 0 0 1 1 1 0 1 0 1 0 0 0 0 1 0 0 1 1 1 0 1 1 0 1 1 0 0 0 0 0 0 0 0 1 1 0 1 0 1 1 0 0 1 0 1 1 1 0 0 1 0,657.21
0 1 0 1 0 1 1 1 0 0 0 1 0 0 0 0 0 1 0 1 1 0 0 1 0 0 0 1 0 0 1 1 0 0 0 0 0 0 1 1 1 1 0 1 0 1 1 0 1 0 0 0 1 0 0 0 0 1 1 0 1 1 0 1 0 1 1 0 1 1 1 0 0 1 0 0 0 1 1 1 1 1 0 0 1 0 0 1 0 1 0 1 0 0 0 1 1 1 1,696.07
1 1 1 1 1 0 0 0 0 0 0 1 0 0 1 1 0 1 0 1 0 0 0 0 0 1 1 0 1 1 0 1 0 1 1 1 1 1 1 1 0 1 1 0 1 1 0 0 0 0 0 0 1 1 0 1 0 0 0 1 0 1 1 1 1 0 0 0 1 1 1 0 1 1 0 0 1 0 1 0 0 0 1 1 1 1 0 1 0 1 0 1 0 0 1 1 1 1 0,775.61
0 0 0 1 0 0 1 0 1 0 0 0 0 1 0 1 1 0 1 0 1 0 1 0 0 0 1 0 0 1 0 0 1 0 0 0 0 0 0 0 1 1 1 1 1 0 0 1 0 0 1 1 0 0 1 1 1 0 0 0 0 1 1 0 0 1 1 1 0 1 0 0 0 0 0 0 0 0 0 1 1 0 1 1 1 1 1 1 1 1 1 1 1 1 1 0 0 1 0,845.64
1 1 0 1 0 0 0 0 0 0 0 1 0 0 0 1 0 1 0 1 0 0 0 1 0 0 1 0 1 1 0 0 0 0 1 1 0 1 1 1 0 1 1 1 0 1 0 0 0 1 0 1 1 0 1 0 0 0 0 0 0 1 0 0 0 0 0 1 1 0 1 0 1 1 0 0 1 0 1 0 0 0 1 1 0 1 0 0 0 1 0 1 1 0 1 1 1 1 0,943.27
0 0 0 1 0 1 1 1 0 0 1 1 1 1 0 0 0 1 1 0 1 1 0 1 0 0 1 0 0 1 0 0 0 0 1 1 1 1 0 0 0 1 0 1 0 1 0 1 1 0 1 1 0 0 0 1 0 0 0 0 0 0 1 0 1 1 1 0 1 0 0 0 1 0 0 1 1 0 0 1 1 1 0 0 1 0 1 0 0 0 1 0 1 1 0 0 1 0 1,946.39
1 1 0 1 0 0 0 0 0 0 0 1 0 0 1 1 0 1 0 1 1 0 0 0 0 0 1 0 1 1 0 0 1 1 0 1 0 1 1 1 0 1 0 0 1 1 0 0 0 1 0 1 1 0 0 1 0 1 0 0 1 0 1 0 1 1 0 0 1 0 1 0 0 1 0 0 1 0 1 0 0 0 1 1 0 0 0 0 0 1 0 1 1 1 1 0 0 0 0,1003.34
1 0 1 0 0 1 0 1 0 0 1 1 1 1 1 0 0 1 1 1 1 1 0 0 1 1 0 0 0 0 1 0 1 0 1 0 1 1 0 1 0 0 1 1 0 0 0 1 0 0 0 0 0 0 1 1 0 0 0 0 1 1 1 1 1 0 0 0 0 0 1 0 1 1 1 0 0 1 1 0 0 1 0 1 1 0 0 0 1 0 0 0 0 0 0 1 0 0 0,1034.1
0 0 1 0 0 1 0 1 0 0 0 1 0 1 0 1 0 1 1 1 1 0 0 0 0 0 1 0 0 0 1 1 1 1 1 1 0 1 1 1 0 0 0 1 1 0 0 0 0 0 1 1 0 0 0 0 0 1 1 1 0 1 1 1 0 1 0 1 0 0 0 1 1 1 1 0 0 0 1 0 0 0 0 1 0 0 1 0 0 0 1 0 1 0 0 1 1 0 0,1104.38
0 1 0 0 1 0 0 0 0 1 0 0 0 0 1 0 0 0 0 1 0 1 0 1 1 1 0 1 1 1 0 0 0 1 0 0 0 0 0 0 0 0 1 0 0 1 1 0 0 1 0 0 0 0 0 0 0 1 1 1 0 0 1 0 0 1 1 1 0 1 0 1 0 1 1 0 0 0 0 1 0 1 1 0 1 0 0 1 0 1 0 1 1 0 1 0 0 1 0,1368.97
